1,7,Theodore,Marriott,male,1932-04-20,mhouston@hotmail.com,9f86d081884c7d659a2feaa0c55ad015a3bf4f1b2b0b822cd15d6c15b0f00a08,2020-12-08 16:47,yes,yes,inactive
2,10,Lowri,Gibbons,female,1937-02-10,gravyface@gmail.com,60303ae22b998861bce3b28f33eec1be758a213c86c93c076dbe9f558c11c752,2020-12-08 16:47,yes,yes,confirmed
3,4,Finlay,Massey,male,1938-02-23,leakin@hotmail.com,fd61a03af4f77d870fc21e05e7e80678095c92d808cfb3b5c279ee04c74aca13,2020-12-08 16:47,yes,yes,confirmed
4,11,Saba,Raymond,female,1939-02-02,jfinke@msn.com,a4e624d686e03ed2767c0abd85c14426b0b1157d2ce81d27bb4fe4f6f01d688a,2020-12-08 16:47,yes,yes,confirmed
5,15,Jackson,Moon,male,1941-10-29,jgoerzen@yahoo.ca,a140c0c1eda2def2b830363ba362aa4d7d255c262960544821f556e16661b6ff,2020-12-08 16:47,yes,yes,confirmed
6,4,Yassin,Swan,female,1946-08-15,wikinerd@msn.com,ed0cb90bdfa4f93981a7d03cff99213a86aa96a6cbcf89ec5e8889871f088727,2020-12-08 16:47,no,yes,confirmed
7,10,Matas,English,male,1948-01-22,brickbat@me.com,bd7c911264aae15b66d4291b6850829aa96986b1d3ead34d1fdbfef27056c112,2020-12-08 16:47,yes,yes,confirmed
8,7,Amelia,Wardle,female,1953-05-22,jmmuller@verizon.net,1f9bfeb15fee8a10c4d0711c7eb0c083962123e1918e461b6a508e7146c189b2,2020-12-08 16:47,yes,no,pending
9,2,Deacon,Gallegos,male,1953-11-19,gomor@outlook.com,b4451034d3b6590060ce9484a28b88dd332a80a22ae8e39c9c5cb7357ab26c9f,2020-12-08 16:47,yes,yes,confirmed
10,1,Margo,Battle,female,1954-05-19,sakusha@comcast.net,ec2738feb2bbb0bc783eb4667903391416372ba6ed8b8dddbebbdb37e5102473,2020-12-08 16:47,yes,no,confirmed
11,7,Alexis,Avalos,male,1955-04-11,bhima@icloud.com,744ea9ec6fa0a83e9764b4e323d5be6b55a5accfc7fe4c08eab6a8de1fca4855,2020-12-08 16:47,yes,yes,confirmed
12,4,Aniyah,Larsen,female,1961-06-15,gordonjcp@me.com,a98ec5c5044800c88e862f007b98d89815fc40ca155d6ce7909530d792e909ce,2020-12-08 16:47,yes,yes,confirmed
13,9,Ainsley,Drake,male,1961-08-22,alhajj@mac.com,166fb78f0f44d271a2d9065272a67ba373c3266b59d85847c02ef695af0cbf3f,2020-12-08 16:47,yes,yes,pending
14,12,Tye,Sheridan,female,1963-08-05,oracle@sbcglobal.net,40cca5cc13abf91c7d5a72c0aea9bcbea4108946e67f24c0c23003cbf307efa2,2020-12-08 16:47,yes,yes,confirmed
15,12,Tylor,Dodd,male,1963-11-19,gtaylor@comcast.net,ebb39b342baead7aa52c0bcd6c0d4ba061b42f3a9dd6bafa2407a096b91b2450,2020-12-08 16:47,yes,yes,confirmed
16,15,Miley,Tierney,female,1976-06-08,pereinar@icloud.com,8ffd063b93a29f84389a635552740a9f0a7234169994158fb19692f5964dd7f5,2020-12-08 16:47,yes,yes,confirmed
17,9,Leighton,Walls,male,1977-10-26,irving@yahoo.com,813e41d4092656716cb0b46a1e5002857066cdaef8decf182ae15abf0b43b8d5,2020-12-08 16:47,yes,yes,confirmed
18,4,Shantelle,Cummings,female,1982-10-05,nighthawk@msn.com,b3c0e5febe1ec8875cd4a06fa4a99abf270de3f131d83a65f897322edbc12aec,2020-12-08 16:47,no,yes,confirmed
19,1,Zacharias,Mcdaniel,male,1986-01-16,mleary@live.com,840b1bf550a873a1dbed1381abe379cb9f1e76067b6de54bcd37367ce6ca3c0a,2020-12-08 16:47,yes,yes,inactive
20,13,Lani,O'Moore,female,1986-11-07,nwiger@gmail.com,946cc198869790373cd8424cd9073e9e29aaa17b6f6a6ec55b38110cae856385,2020-12-08 16:47,yes,yes,confirmed
21,3,Robbie,Aguirre,male,1986-11-17,crobles@hotmail.com,aefd57c8c2afdaad0a5352b0ce87131a85a08f5c87a87f166f0ce1e213f4c0fd,2020-12-08 16:47,yes,yes,confirmed
22,9,Oriana,Rios,female,1992-04-28,gknauss@yahoo.ca,759cfde265aaddb6f728ed08d97862bbd9b56fd39de97a049c640b4c5b70aac9,2020-12-08 16:47,yes,yes,confirmed
23,2,Lorcan,Beech,male,1999-08-17,duncand@yahoo.com,4e758d4760a6cffc347cdb45f0966d20f481bad806731c4c0e44f21cf9d90bb5,2020-12-08 16:47,yes,no,confirmed
24,9,Fionnuala,Drake,female,2009-10-01,dmath@msn.com,65b440e2e0a921e4a9adc14445374d498a95d05f299d791548d6838eb0ae65df,2020-12-08 16:47,no,yes,confirmed
25,13,Indiana,Wagstaff,male,2015-07-09,stewwy@att.net,0342840f6340d15691f4be1c0e0157fb0983992c4f436c18267d41dbe6bb74a2,2020-12-08 16:47,yes,yes,confirmed
26,11,Aanya,Corona,female,1931-02-12,dunstan@outlook.com,ebe9f9116525a660751600a7f897df4b03d45b5dfc17ae36a9dd33b34f9849b4,2020-12-08 16:47,yes,yes,confirmed
27,13,Benjamin,Page,male,1937-11-15,maradine@mac.com,a45c66cfc88915d1fc91bf998ea726b34c530b63b38984f5a0f313766b799808,2020-12-08 16:47,yes,yes,confirmed
28,7,Tasnim,Park,female,1942-08-12,dvdotnet@gmail.com,94384f0790043d99b7b85cb0f518eccdbfdf066b72324e3d996c4d0c738b65b5,2020-12-08 16:47,yes,yes,confirmed
29,6,Brody,Brandt,male,1950-03-24,jmmuller@comcast.net,15dfe842cd5eb4a591465c8e8927e16cd2b16e3ca7b4312933d763882f38270f,2020-12-08 16:47,yes,yes,confirmed
30,4,Cora,Merritt,female,1950-10-05,gward@verizon.net,98b96436416b60ef629ebe764dc75bb2d3052145829b24aa43a5168aabf0942d,2020-12-08 16:47,yes,yes,confirmed
31,12,Marion,Eastwood,male,1957-03-15,draper@mac.com,5261b37d94728f221fd8d25e9f9eff5584316d8a990372fe9282aa7e6d6710e9,2020-12-08 16:47,no,no,confirmed
32,15,Sakina,North,female,1962-05-10,squirrel@me.com,91d3510c0672508f97b00f917e513e4dc2f57dd6e53cab95c28eebdc3f88a108,2020-12-08 16:47,yes,yes,pending
33,4,Simran,Dunlop,male,1964-01-28,hstiles@yahoo.ca,76226c5fd1ad06a945da03fc6ff776e7681c33661925f3d397ac8e18b4eaf564,2020-12-08 16:47,yes,yes,confirmed
34,1,Arlo,Irwin,female,1971-02-12,psharpe@live.com,bd7c74fc6804bfd3bab881c04f81236c862b06606a8228dfc29174d05eb9e6fb,2020-12-08 16:47,yes,yes,confirmed
35,13,Frank,Finley,male,1972-06-19,breegster@icloud.com,43e3603bfec2885d2184d8534a9a68c65261792f5fbb6b39aab287b4b86eeaf0,2020-12-08 16:47,yes,yes,confirmed
36,7,Brooke,Wooten,female,1974-06-26,kodeman@icloud.com,66643f8964abd994a78b8644ecdf19ddbb7fce48bcdd08dd91d3b0aa2d8476fc,2020-12-08 16:47,no,yes,confirmed
37,14,Harri,Burns,male,1976-10-29,mstrout@att.net,cefaef766de65a7384333fb99cc21c0e65e04e53df10d4439d70eb70b505a02d,2020-12-08 16:47,yes,yes,confirmed
38,13,Hetty,Mccormick,female,1982-01-07,henkp@sbcglobal.net,e2ed63496eb5fd475c93110f8d05d3e079b69e59bd84f30b5e1b8cb8d3d22ca5,2020-12-08 16:47,yes,yes,pending
39,10,Mikhail,Stanton,male,1983-10-14,mastinfo@live.com,62844dae9249e8443c13aee33f15743fa254498031e3949727358ce7c8168d97,2020-12-08 16:47,yes,yes,confirmed
40,2,Amelia-Lily,Rosas,female,1984-02-07,wainwrig@hotmail.com,f3dc2b17fd23faab2deb6216ac9033e3c2670327abc6166794c16ce9437bc4b4,2020-12-08 16:47,yes,yes,confirmed
41,13,Jean,Michael,male,1987-5-20,bmcmahon@yahoo.com,df332d413607690aeb4b8f21882ff0ecb3cf9cea9ddb2328ee6c85999de206a5,2020-12-08 16:47,yes,yes,confirmed
42,11,Ceri,Franco,female,1987-09-25,qrczak@icloud.com,338c0605bab38900480ebcc7fb0651426cc26cd1732579f04b47f779a8962d83,2020-12-08 16:47,yes,no,pending
43,6,Jude,Peters,male,1988-12-19,hling@gmail.com,8774f52c0f1cb920ce6470faf2dce0a5555484140fdce6e800bc482d27e0b21e,2020-12-08 16:47,yes,yes,confirmed
44,13,Cade,Major,female,1990-03-06,ranasta@comcast.net,ad59ed77bfd3757a879332e95644e322f0808bc94c6217a3490f85f176448b7d,2020-12-08 16:47,yes,yes,confirmed
45,1,Roberto,Lynch,male,1993-08-31,jbailie@me.com,9291e045de7cfcc8dc5ac645e166d5f07b428f56872bfd1bd5c18ba707744f7e,2020-12-08 16:47,yes,yes,confirmed
46,7,Simona,Oliver,female,1996-07-03,krebs@optonline.net,df4883ef2cb0b7900a8401caf33c9a57fe9526d2da728347d28f5e6589333e60,2020-12-08 16:47,no,yes,confirmed
47,6,Shamas,Donald,male,1998-04-27,maneesh@icloud.com,d29c18776f9b104b63409a0b617a4f4cbcb9fe8c512bd78d4abeb3bee5d1562b,2020-12-08 16:47,yes,yes,pending
48,4,Emilie,Rojas,female,2010-06-01,novanet@att.net,9640fa8ac42bbdbca83163ed2b7ee9ecff3b1dc0712514b0b1377ddc3f2fa817,2020-12-08 16:47,yes,yes,confirmed
49,11,Donovan,Johnston,male,2011-05-18,wayward@yahoo.com,83bc3329430af10d70f05217525b5c3970800047027e4682fabc1d69bd0fef74,2020-12-08 16:47,yes,yes,confirmed
50,9,Kamile,Bryan,female,2011-11-15,pajas@comcast.net,9ca6333ba92ea4aaa3e4c972c4c9301f2931154b73373a25b849fce8fd4e16c9,2020-12-08 16:47,yes,no,confirmed
51,16,Hermione,Granger,female,1979-09-19,hermione.g@gryffindor.com,82763de76bc125f954d1491e84517c39cc6977525e61230f93aed6fc95c53cb6e2e68a766a1a0455e76ebba2c6df1cdef0c2e718e541b6396909128c5a66ddf7,2020-12-20 13:11,yes,yes,confirmed
52,16,Ron,Weasley,male,1980-03-01,ron.w@weasley.com,9431df0f18e09d3a9072884e523d18abc16eb1bfb64e2d5300f79a62ef01e98b758e1a00d16843e47c580360722a8c3d90b8620fe5ad822dc462d57cbed7c216,2020-12-20 13:15,yes,yes,confirmed
53,17,Harry,Potter,male,1980-07-31,harry.potter@hogwarts.com,459834a3cf5efe652eb5a88c41e29712481f23704004bf0e91411cc24a0c11fec902c70d6baa3e7eb630f59050d6a2ad07ea62b6179ed191b4289831af8d840e,2020-12-02 13:21,yes,yes,confirmed
